"filename", "language", "Python", "Log", "CSV", "JSON", "YAML", "comment", "blank", "total"
"e:\KPI_HOSTING - V2.1\agents\__init__.py", "Python", 10, 0, 0, 0, 0, 0, 2, 12
"e:\KPI_HOSTING - V2.1\agents\agent_manager.py", "Python", 56, 0, 0, 0, 0, 21, 19, 96
"e:\KPI_HOSTING - V2.1\agents\checkmk_collector.py", "Python", 24, 0, 0, 0, 0, 1, 10, 35
"e:\KPI_HOSTING - V2.1\agents\cortex_collector.py", "Python", 37, 0, 0, 0, 0, 17, 8, 62
"e:\KPI_HOSTING - V2.1\agents\glpi_collector.py", "Python", 24, 0, 0, 0, 0, 1, 10, 35
"e:\KPI_HOSTING - V2.1\agents\rapid7_collector.py", "Python", 26, 0, 0, 0, 0, 6, 9, 41
"e:\KPI_HOSTING - V2.1\analyzers\__init__.py", "Python", 0, 0, 0, 0, 0, 0, 1, 1
"e:\KPI_HOSTING - V2.1\analyzers\vcenter_analyser.py", "Python", 98, 0, 0, 0, 0, 8, 19, 125
"e:\KPI_HOSTING - V2.1\api\__init__.py", "Python", -14, 0, 0, 0, 0, 0, -2, -16
"e:\KPI_HOSTING - V2.1\api\api_dispatcher.py", "Python", -20, 0, 0, 0, 0, -10, -7, -37
"e:\KPI_HOSTING - V2.1\api\api_processor.py", "Python", -48, 0, 0, 0, 0, -16, -13, -77
"e:\KPI_HOSTING - V2.1\api\checkmk.py", "Python", -50, 0, 0, 0, 0, -47, -13, -110
"e:\KPI_HOSTING - V2.1\api\cortex.py", "Python", -37, 0, 0, 0, 0, -17, -8, -62
"e:\KPI_HOSTING - V2.1\api\facade.py", "Python", -3, 0, 0, 0, 0, 0, -3, -6
"e:\KPI_HOSTING - V2.1\api\glpi.py", "Python", -51, 0, 0, 0, 0, -23, -6, -80
"e:\KPI_HOSTING - V2.1\api\rapid7.py", "Python", -42, 0, 0, 0, 0, -16, -9, -67
"e:\KPI_HOSTING - V2.1\collectors\azure_collector.py", "Python", 36, 0, 0, 0, 0, 4, 7, 47
"e:\KPI_HOSTING - V2.1\collectors\csv_vcenter_collector.py", "Python", 24, 0, 0, 0, 0, 13, 8, 45
"e:\KPI_HOSTING - V2.1\collectors\inventory_manager.py", "Python", 40, 0, 0, 0, 0, 5, 23, 68
"e:\KPI_HOSTING - V2.1\collectors\vcenter_collector.py", "Python", -18, 0, 0, 0, 0, -58, 0, -76
"e:\KPI_HOSTING - V2.1\config\config.yaml", "YAML", 0, 0, 0, 0, 3, -6, -3, -6
"e:\KPI_HOSTING - V2.1\config\exceptions_oxya.csv", "CSV", 0, 0, 14, 0, 0, 0, 0, 14
"e:\KPI_HOSTING - V2.1\config\ngdt_portgroups.csv", "CSV", 0, 0, 348, 0, 0, 0, 0, 348
"e:\KPI_HOSTING - V2.1\config\normalization_maps.yaml", "YAML", 0, 0, 0, 0, 45, 0, 5, 50
"e:\KPI_HOSTING - V2.1\config\oxya_portgroups.csv", "CSV", 0, 0, 52, 0, 0, 0, 1, 53
"e:\KPI_HOSTING - V2.1\config\settings.py", "Python", 41, 0, 0, 0, 0, -6, 12, 47
"e:\KPI_HOSTING - V2.1\connectors\azure_connector.py", "Python", 211, 0, 0, 0, 0, 5, 30, 246
"e:\KPI_HOSTING - V2.1\connectors\checkmk_connector.py", "Python", 34, 0, 0, 0, 0, 1, 12, 47
"e:\KPI_HOSTING - V2.1\connectors\csv_vcenter_connector.py", "Python", 25, 0, 0, 0, 0, 0, 2, 27
"e:\KPI_HOSTING - V2.1\connectors\glpi_connector.py", "Python", 56, 0, 0, 0, 0, 2, 8, 66
"e:\KPI_HOSTING - V2.1\connectors\rapid7_connector.py", "Python", 44, 0, 0, 0, 0, 11, 7, 62
"e:\KPI_HOSTING - V2.1\connectors\sql_connector.py", "Python", 1, 0, 0, 0, 0, 0, 2, 3
"e:\KPI_HOSTING - V2.1\connectors\vcenter_connector.py", "Python", 10, 0, 0, 0, 0, -28, -8, -26
"e:\KPI_HOSTING - V2.1\db\__init__.py", "Python", 1, 0, 0, 0, 0, 0, -1, 0
"e:\KPI_HOSTING - V2.1\db\connection_pool.py", "Python", -41, 0, 0, 0, 0, -10, -9, -60
"e:\KPI_HOSTING - V2.1\db\db_connector.py", "Python", 320, 0, 0, 0, 0, 93, 63, 476
"e:\KPI_HOSTING - V2.1\db\db_model.py", "Python", 205, 0, 0, 0, 0, 10, 81, 296
"e:\KPI_HOSTING - V2.1\exports\AZURE_VCSI.json", "JSON", 0, 0, 0, 10802, 0, 0, 0, 10802
"e:\KPI_HOSTING - V2.1\exports\AZURE_VCSI_ressource_groups.json", "JSON", 0, 0, 0, 23303, 0, 0, 0, 23303
"e:\KPI_HOSTING - V2.1\exports\AZURE_VCSI_subnets.json", "JSON", 0, 0, 0, 5708, 0, 0, 0, 5708
"e:\KPI_HOSTING - V2.1\exports\CHECKMK - OXYA-T0.json", "JSON", 0, 0, 0, 250, 0, 0, 0, 250
"e:\KPI_HOSTING - V2.1\exports\CHECKMK - VIC-T0.json", "JSON", 0, 0, 0, 738, 0, 0, 0, 738
"e:\KPI_HOSTING - V2.1\exports\CHECKMK - VIC-T1.json", "JSON", 0, 0, 0, 7666, 0, 0, 0, 7666
"e:\KPI_HOSTING - V2.1\exports\GLPI - GLPI-VCSI.json", "JSON", 0, 0, 0, 9653, 0, 0, 0, 9653
"e:\KPI_HOSTING - V2.1\exports\T0_NGDT.json", "JSON", 0, 0, 0, 1484, 0, 0, 0, 1484
"e:\KPI_HOSTING - V2.1\exports\VCENTER_NGDT_02.json", "JSON", 0, 0, 0, 1072, 0, 0, 0, 1072
"e:\KPI_HOSTING - V2.1\exports\VCENTER_NGDT_03.json", "JSON", 0, 0, 0, 22597, 0, 0, 0, 22597
"e:\KPI_HOSTING - V2.1\exports\VCENTER_OXYA.json", "JSON", 0, 0, 0, 3423, 0, 0, 0, 3423
"e:\KPI_HOSTING - V2.1\exports\all_agents.json", "JSON", 0, 0, 0, 18313, 0, 0, 0, 18313
"e:\KPI_HOSTING - V2.1\exports\all_inventory.json", "JSON", 0, 0, 0, 39380, 0, 0, 0, 39380
"e:\KPI_HOSTING - V2.1\imports\rvtools_T0.csv", "CSV", 0, 0, 93, 0, 0, 0, 1, 94
"e:\KPI_HOSTING - V2.1\logs\03-09-2025_14-34-04_main_app.log", "Log", 0, 81, 0, 0, 0, 0, 1, 82
"e:\KPI_HOSTING - V2.1\logs\03-09-2025_14-43-21_main_app.log", "Log", 0, 141, 0, 0, 0, 0, 1, 142
"e:\KPI_HOSTING - V2.1\logs\03-09-2025_14-47-42_main_app.log", "Log", 0, 82, 0, 0, 0, 0, 1, 83
"e:\KPI_HOSTING - V2.1\logs\03-09-2025_15-42-42_main_app.log", "Log", 0, 24, 0, 0, 0, 0, 1, 25
"e:\KPI_HOSTING - V2.1\logs\03-09-2025_15-45-54_main_app.log", "Log", 0, 29, 0, 0, 0, 0, 1, 30
"e:\KPI_HOSTING - V2.1\logs\03-09-2025_15-46-40_main_app.log", "Log", 0, 29, 0, 0, 0, 0, 1, 30
"e:\KPI_HOSTING - V2.1\logs\03-09-2025_15-46-57_main_app.log", "Log", 0, 29, 0, 0, 0, 0, 1, 30
"e:\KPI_HOSTING - V2.1\logs\03-09-2025_15-54-55_main_app.log", "Log", 0, 30, 0, 0, 0, 0, 1, 31
"e:\KPI_HOSTING - V2.1\logs\03-09-2025_15-56-14_main_app.log", "Log", 0, 31, 0, 0, 0, 0, 1, 32
"e:\KPI_HOSTING - V2.1\logs\03-09-2025_15-58-29_main_app.log", "Log", 0, 32, 0, 0, 0, 0, 1, 33
"e:\KPI_HOSTING - V2.1\logs\03-09-2025_15-59-19_main_app.log", "Log", 0, 32, 0, 0, 0, 0, 1, 33
"e:\KPI_HOSTING - V2.1\logs\03-09-2025_15-59-55_main_app.log", "Log", 0, 33, 0, 0, 0, 0, 1, 34
"e:\KPI_HOSTING - V2.1\logs\03-09-2025_16-00-26_main_app.log", "Log", 0, 1066, 0, 0, 0, 0, 1, 1067
"e:\KPI_HOSTING - V2.1\logs\03-09-2025_16-01-41_main_app.log", "Log", 0, 25, 0, 0, 0, 0, 1, 26
"e:\KPI_HOSTING - V2.1\logs\03-09-2025_16-04-23_main_app.log", "Log", 0, 25, 0, 0, 0, 0, 1, 26
"e:\KPI_HOSTING - V2.1\logs\03-09-2025_16-44-29_main_app.log", "Log", 0, 26, 0, 0, 0, 0, 1, 27
"e:\KPI_HOSTING - V2.1\logs\03-09-2025_16-45-51_main_app.log", "Log", 0, 29, 0, 0, 0, 0, 1, 30
"e:\KPI_HOSTING - V2.1\logs\03-09-2025_16-46-20_main_app.log", "Log", 0, 29, 0, 0, 0, 0, 1, 30
"e:\KPI_HOSTING - V2.1\logs\12-08-2025_11-57-27_main_app.log", "Log", 0, -11, 0, 0, 0, 0, -1, -12
"e:\KPI_HOSTING - V2.1\logs\12-08-2025_14-26-59_main_app.log", "Log", 0, -4, 0, 0, 0, 0, -1, -5
"e:\KPI_HOSTING - V2.1\logs\12-08-2025_14-27-53_main_app.log", "Log", 0, -4, 0, 0, 0, 0, -1, -5
"e:\KPI_HOSTING - V2.1\logs\12-08-2025_14-29-10_main_app.log", "Log", 0, -4, 0, 0, 0, 0, -1, -5
"e:\KPI_HOSTING - V2.1\main.py", "Python", -17, 0, 0, 0, 0, 0, -6, -23
"e:\KPI_HOSTING - V2.1\utils\data_normalizer.py", "Python", 6, 0, 0, 0, 0, 19, 8, 33
"e:\KPI_HOSTING - V2.1\utils\normalization_strategies.py", "Python", 62, 0, 0, 0, 0, -19, 13, 56
"e:\KPI_HOSTING - V2.1\workers\__init__.py", "Python", -2, 0, 0, 0, 0, 0, 0, -2
"e:\KPI_HOSTING - V2.1\workers\api_worker.py", "Python", -46, 0, 0, 0, 0, -46, -10, -102
"e:\KPI_HOSTING - V2.1\workers\server_agents_worker.py", "Python", 31, 0, 0, 0, 0, 21, 10, 62
"e:\KPI_HOSTING - V2.1\workers\server_db_worker.py", "Python", 28, 0, 0, 0, 0, 18, 6, 52
"e:\KPI_HOSTING - V2.1\workers\server_worker.py", "Python", 15, 0, 0, 0, 0, -1, 4, 18
"Total", "-", 1076, 1750, 507, 144389, 48, -47, 297, 148020